match_id,team1,team2,elo_team1_pre,elo_team2_pre,elo_diff_pre,season
524915,Sydney Sixers,Brisbane Heat,1500.0,1500.0,0.0,2011
524916,Melbourne Stars,Sydney Thunder,1500.0,1500.0,0.0,2011
524918,Perth Scorchers,Hobart Hurricanes,1500.0,1500.0,0.0,2011
524917,Adelaide Strikers,Melbourne Renegades,1500.0,1500.0,0.0,2011
524919,Brisbane Heat,Melbourne Stars,1490.0,1490.0,0.0,2011
524920,Hobart Hurricanes,Sydney Sixers,1510.0,1510.0,0.0,2011
524921,Melbourne Renegades,Perth Scorchers,1490.0,1490.0,0.0,2011
524922,Sydney Thunder,Adelaide Strikers,1510.0,1510.0,0.0,2011
524923,Sydney Sixers,Melbourne Stars,1500.0,1500.0,0.0,2011
524924,Adelaide Strikers,Hobart Hurricanes,1500.0,1520.0,-20.0,2011
524925,Perth Scorchers,Brisbane Heat,1500.0,1480.0,20.0,2011
524926,Sydney Thunder,Melbourne Renegades,1520.0,1480.0,40.0,2011
524927,Hobart Hurricanes,Sydney Thunder,1529.4249887221547,1508.8537673247542,20.57122139740045,2012
524928,Melbourne Renegades,Sydney Sixers,1491.1462326752458,1510.0,-18.853767324754244,2012
524930,Melbourne Stars,Perth Scorchers,1490.0,1509.4249887221547,-19.424988722154694,2012
524933,Sydney Thunder,Sydney Sixers,1499.4451637518157,1499.4578769887073,-0.012713236891613633,2012
524934,Perth Scorchers,Adelaide Strikers,1518.8664744330495,1490.5750112778453,28.291463155204156,2012
524935,Hobart Hurricanes,Melbourne Stars,1538.8335922950932,1480.5585142891052,58.27507800598801,2012
524936,Adelaide Strikers,Sydney Sixers,1481.38751001415,1509.4575110723356,-28.070001058185653,2012
524938,Melbourne Renegades,Brisbane Heat,1501.6883556865384,1470.5750112778453,31.113344408693138,2012
524939,Brisbane Heat,Sydney Thunder,1481.4681391252684,1489.4455296681874,-7.977390542919011,2012
524941,Sydney Sixers,Perth Scorchers,1518.6513447751795,1528.0539756967448,-9.402630921565333,2012
524940,Hobart Hurricanes,Melbourne Renegades,1527.1718548312465,1490.7952278391153,36.37662699213115,2012
524942,Melbourne Stars,Adelaide Strikers,1492.220251752952,1472.193676311306,20.026575441645946,2012
524943,Perth Scorchers,Melbourne Stars,1517.783412274914,1501.6444781048228,16.13893417009126,2012
524944,Hobart Hurricanes,Sydney Sixers,1536.128660449279,1528.9219081970102,7.2067522522688705,2012
524945,Perth Scorchers,Sydney Sixers,1527.3192302243601,1539.1293054567868,-11.810075232426698,2012
571232,Melbourne Renegades,Melbourne Stars,1481.8384222210827,1492.1086601553768,-10.270237934294073,2012
571233,Sydney Sixers,Sydney Thunder,1548.7895150289535,1479.21596225239,69.57355277656347,2012
571234,Brisbane Heat,Hobart Hurricanes,1491.6977065410658,1525.9212631895025,-34.22355664843667,2012
571235,Perth Scorchers,Adelaide Strikers,1517.6590206521935,1462.7694499594352,54.8895706927583,2012
571236,Perth Scorchers,Melbourne Stars,1506.0921858326815,1481.8131450145345,24.279040818146996,2012
571237,Adelaide Strikers,Brisbane Heat,1474.3362847789472,1482.679566106113,-8.343281327165869,2012
571238,Sydney Thunder,Melbourne Renegades,1471.192106237826,1492.133937361925,-20.941831124099053,2012
571239,Melbourne Stars,Hobart Hurricanes,1492.5108167028686,1534.9394036244553,-42.42858692158666,2012
571240,Sydney Sixers,Perth Scorchers,1556.8133710435175,1495.3945141443473,61.41885689917012,2012
571241,Brisbane Heat,Perth Scorchers,1492.4394733154115,1507.144103710686,-14.704630395274535,2012
571242,Melbourne Renegades,Hobart Hurricanes,1501.5319119118421,1523.7242453311815,-22.19233341933932,2012
571243,Sydney Thunder,Adelaide Strikers,1461.794131687909,1464.5763775696487,-2.7822458817397546,2012
571245,Melbourne Renegades,Brisbane Heat,1512.1697913387056,1482.86245407314,29.307337265565593,2012
571247,Adelaide Strikers,Sydney Sixers,1474.4962998077085,1545.0637814771787,-70.56748166947023,2012
571248,Sydney Sixers,Hobart Hurricanes,1533.060162693008,1513.086365904318,19.973796788689924,2012
571249,Adelaide Strikers,Melbourne Stars,1486.4999185918794,1503.7259749961424,-17.22605640426309,2012
571250,Sydney Thunder,Brisbane Heat,1451.874209449849,1473.7039920113311,-21.829782561482034,2012
571251,Perth Scorchers,Melbourne Renegades,1516.7211229529576,1521.3282534005145,-4.607130447556983,2012
571252,Sydney Thunder,Sydney Sixers,1442.5016955953693,1522.4859031138326,-79.98420751846334,2012
571254,Melbourne Renegades,Adelaide Strikers,1511.1956572986037,1476.9953184807823,34.200338817821375,2013
571256,Perth Scorchers,Sydney Thunder,1526.8537190548684,1434.7640007223915,92.08971833247688,2013
571258,Melbourne Stars,Melbourne Renegades,1513.2305751072395,1520.214459558405,-6.9838844511655225,2013
571259,Brisbane Heat,Sydney Sixers,1483.076505865811,1530.2235979868103,-47.14709212099933,2013
571260,Melbourne Stars,Sydney Thunder,1503.4315603908092,1427.3541808815726,76.07737950923661,2013
571262,Adelaide Strikers,Perth Scorchers,1467.976516220981,1534.2635388956874,-66.28702267470635,2013
571264,Melbourne Renegades,Brisbane Heat,1530.0134742748353,1474.4252396277202,55.58823464711509,2013
571265,Perth Scorchers,Melbourne Stars,1542.3784623371778,1511.2762153081085,31.102247029069304,2013
571266,Perth Scorchers,Brisbane Heat,1551.4856513510722,1486.0116837331946,65.47396761787763,2013
654031,Melbourne Stars,Melbourne Renegades,1502.169026294214,1518.427030169361,-16.25800387514687,2013
654033,Sydney Sixers,Sydney Thunder,1538.874864224901,1419.5095259642733,119.36533826062782,2013
654037,Brisbane Heat,Perth Scorchers,1497.8741803456232,1539.6231547386435,-41.74897439302026,2013
654039,Perth Scorchers,Melbourne Renegades,1528.4272729867112,1507.959428455946,20.467844530765205,2013
654041,Sydney Thunder,Adelaide Strikers,1412.816054420478,1459.8615927794906,-47.04553835901265,2013
654043,Brisbane Heat,Hobart Hurricanes,1509.0700620975556,1523.6606254834933,-14.590563385937685,2013
654045,Sydney Sixers,Melbourne Stars,1545.5683357686964,1512.636628007629,32.9317077610674,2013
654047,Melbourne Renegades,Brisbane Heat,1498.5478598120615,1499.4897655713548,-0.9419057592933768,2013
654051,Hobart Hurricanes,Melbourne Renegades,1533.240922009694,1508.5749699726493,24.66595203704469,2014
654053,Sydney Thunder,Melbourne Stars,1404.1619182880186,1523.5816503503218,-119.41973206230318,2014
654055,Brisbane Heat,Sydney Sixers,1489.462655410767,1534.6233134260037,-45.16065801523678,2014
654057,Perth Scorchers,Sydney Thunder,1537.8388416305957,1397.4698410846484,140.3690005459473,2014
654059,Melbourne Renegades,Melbourne Stars,1519.2837227905416,1530.273727553692,-10.99000476315041,2014
654061,Adelaide Strikers,Sydney Sixers,1468.51572891195,1543.3307564955078,-74.81502758355782,2014
654063,Perth Scorchers,Hobart Hurricanes,1544.005055226133,1522.5321691918018,21.472886034331168,2014
654065,Sydney Thunder,Brisbane Heat,1391.303627489111,1480.755212341263,-89.45158485215188,2014
654067,Melbourne Stars,Adelaide Strikers,1539.95751524652,1460.6364014587577,79.32111378776221,2014
654071,Hobart Hurricanes,Sydney Thunder,1513.1494228196389,1383.8228321101465,129.3265907094924,2014
654073,Brisbane Heat,Melbourne Stars,1488.2360077202275,1547.7133264973431,-59.47731877711567,2014
654075,Melbourne Renegades,Sydney Thunder,1509.5999350977136,1377.3822555561003,132.21767954161328,2014
654077,Sydney Sixers,Hobart Hurricanes,1551.2100839487,1519.589999373685,31.62008457501497,2014
654079,Perth Scorchers,Adelaide Strikers,1553.387801598296,1452.8805902079346,100.50721139036136,2014
654081,Adelaide Strikers,Brisbane Heat,1445.6953378098503,1479.9313734592188,-34.23603564936843,2014
654083,Melbourne Renegades,Sydney Sixers,1495.9680582653418,1560.3024891841158,-64.33443091877393,2014
654085,Melbourne Stars,Hobart Hurricanes,1556.0179607583518,1510.4975941382693,45.52036662008254,2014
654087,Adelaide Strikers,Melbourne Renegades,1436.6775530855464,1487.7988748814457,-51.12132179589935,2014
654089,Hobart Hurricanes,Brisbane Heat,1501.8003299768293,1488.9491581835227,12.851171793306548,2014
654091,Sydney Thunder,Sydney Sixers,1391.014132388472,1568.4716725680119,-177.45754017953982,2014
654093,Melbourne Stars,Perth Scorchers,1564.7152249197918,1560.5730539963802,4.142170923411641,2014
654095,Melbourne Stars,Hobart Hurricanes,1574.5960093052977,1511.4306121150203,63.16539719027742,2014
654097,Sydney Sixers,Perth Scorchers,1573.7662711018893,1550.6922696108743,23.074001491014997,2014
654099,Perth Scorchers,Hobart Hurricanes,1561.3554180858855,1523.228889140162,38.12652894572352,2014
756735,Adelaide Strikers,Melbourne Stars,1428.1384156878296,1562.797732280156,-134.65931659232638,2014
756737,Sydney Sixers,Melbourne Renegades,1563.103122626878,1496.3380122791625,66.76511034771556,2014
756739,Melbourne Stars,Hobart Hurricanes,1549.1050055670053,1514.321875053917,34.78313051308828,2014
756741,Sydney Thunder,Brisbane Heat,1385.7195338545946,1479.3188760453318,-93.59934219073716,2014
756743,Perth Scorchers,Adelaide Strikers,1570.2624321721305,1441.8311424009803,128.4312897711502,2014
756745,Hobart Hurricanes,Sydney Sixers,1525.3196826457272,1571.2047780292028,-45.88509538347557,2014
756747,Perth Scorchers,Melbourne Renegades,1556.7255333878563,1488.2363568768378,68.48917651101851,2014
756749,Sydney Thunder,Sydney Sixers,1398.3502035512988,1579.891724027128,-181.5415204758292,2014
756751,Brisbane Heat,Melbourne Stars,1466.6882063486275,1538.107197975195,-71.4189916265675,2014
756753,Sydney Sixers,Perth Scorchers,1585.0953094642975,1564.779399843093,20.315909621204582,2014
756755,Melbourne Renegades,Sydney Thunder,1480.1824904216012,1393.1466181141293,87.03587230747189,2014
756757,Adelaide Strikers,Hobart Hurricanes,1455.3680411852545,1516.632736647802,-61.26469546254748,2014
756759,Perth Scorchers,Sydney Thunder,1575.36347319083,1385.6005923661414,189.76288082468864,2015
756761,Hobart Hurricanes,Brisbane Heat,1504.8874487147925,1478.715338078328,26.172110636464595,2015
756763,Melbourne Renegades,Melbourne Stars,1487.728516169589,1526.0800662454947,-38.35155007590561,2015
756765,Brisbane Heat,Adelaide Strikers,1469.4672103429532,1467.113329118264,2.353881224689303,2015
756769,Adelaide Strikers,Perth Scorchers,1477.18107822942,1560.3869447994095,-83.20586656998944,2015
756789,Hobart Hurricanes,Melbourne Renegades,1514.1355764501673,1478.82790088725,35.30767556291721,2015
756773,Perth Scorchers,Brisbane Heat,1568.0368453394183,1459.399461231797,108.6373841076213,2015
756777,Melbourne Stars,Melbourne Renegades,1534.9806815278337,1489.840653521536,45.1400280062976,2015
756781,Brisbane Heat,Sydney Sixers,1452.4282255261849,1574.5112361165604,-122.08301059037558,2015
756779,Hobart Hurricanes,Perth Scorchers,1503.1228238158812,1575.0080810450304,-71.88525722914915,2015
756785,Melbourne Renegades,Brisbane Heat,1481.1326265884559,1445.8042417469837,35.32838484147214,2015
756787,Sydney Sixers,Adelaide Strikers,1581.1352198957616,1469.5311776894114,111.60404220635019,2015
756797,Brisbane Heat,Hobart Hurricanes,1436.817584325053,1495.1628207693236,-58.34523644427054,2015
756791,Sydney Thunder,Melbourne Stars,1400.577120757562,1543.6887084609139,-143.11158770335192,2015
756793,Melbourne Renegades,Adelaide Strikers,1490.1192840103865,1482.6372944122134,7.481989598173186,2015
756795,Melbourne Stars,Perth Scorchers,1549.7877908503608,1582.968084091588,-33.18029324122722,2015
756775,Sydney Sixers,Sydney Thunder,1568.0291031729596,1394.478038368115,173.5510648048446,2015
756799,Adelaide Strikers,Sydney Sixers,1492.8526101003304,1573.4117064554182,-80.55909635508783,2015
756801,Perth Scorchers,Melbourne Stars,1572.015971262024,1560.7399036799247,11.276067582099358,2015
756803,Perth Scorchers,Sydney Sixers,1581.6915338538179,1581.1337074472924,0.5578264065254643,2015
897697,Adelaide Strikers,Melbourne Stars,1485.1306091084562,1551.064341088131,-65.9337319796748,2015
897699,Brisbane Heat,Melbourne Renegades,1448.481285284178,1479.9039683222695,-31.422683038091463,2015
897701,Sydney Sixers,Hobart Hurricanes,1571.1497629680982,1483.4991198101986,87.6506431578996,2015
897705,Perth Scorchers,Adelaide Strikers,1591.675478333012,1497.005876606376,94.66960172663607,2015
897707,Hobart Hurricanes,Brisbane Heat,1475.9697157922296,1439.383244887375,36.58647090485465,2015
897709,Melbourne Renegades,Sydney Sixers,1489.0020087190726,1578.6791669860672,-89.67715826699464,2015
897711,Perth Scorchers,Brisbane Heat,1579.0161592026675,1430.4324129572256,148.58374624544194,2015
897713,Sydney Sixers,Melbourne Stars,1586.1538828765354,1539.1890735902111,46.964809286324225,2015
897715,Sydney Thunder,Adelaide Strikers,1389.0954350856564,1509.6651957367205,-120.56976065106414,2015
897717,Brisbane Heat,Hobart Hurricanes,1424.466038386613,1484.920547722379,-60.45450933576603,2015
897719,Melbourne Renegades,Perth Scorchers,1481.5272928286045,1584.98253377328,-103.45524094467555,2015
897721,Adelaide Strikers,Sydney Sixers,1496.3278267776366,1574.8103005618289,-78.48247378419228,2015
897723,Hobart Hurricanes,Sydney Thunder,1493.197877680044,1402.4328040447404,90.76507363530368,2016
897727,Perth Scorchers,Sydney Sixers,1592.0898456666139,1562.589046509375,29.500799157238816,2016
897725,Melbourne Stars,Melbourne Renegades,1550.5326559049176,1474.4199809352706,76.11267496964706,2016
897729,Brisbane Heat,Sydney Thunder,1416.188708428948,1394.9873807862125,21.201327642735578,2016
897731,Hobart Hurricanes,Melbourne Renegades,1500.6433009385719,1466.5762946887062,34.0670062498657,2016
897733,Adelaide Strikers,Perth Scorchers,1508.5490808300904,1601.2427791410025,-92.69369831091217,2016
897735,Melbourne Stars,Hobart Hurricanes,1558.376342151482,1489.665904014451,68.71043813703113,2016
897737,Sydney Thunder,Perth Scorchers,1385.596847740582,1588.6363886504744,-203.03954090989237,2016
897739,Brisbane Heat,Adelaide Strikers,1425.5792414745786,1521.1554713206185,-95.57622984603995,2016
897741,Melbourne Renegades,Melbourne Stars,1477.5536916128272,1566.424082145202,-88.87039053237481,2016
897743,Hobart Hurricanes,Perth Scorchers,1481.618164020731,1593.3778656185261,-111.75970159779513,2016
897745,Sydney Sixers,Brisbane Heat,1553.4361130349864,1418.2627931662917,135.17331986869476,2016
897747,Sydney Thunder,Melbourne Renegades,1380.8553707725303,1470.0572231582737,-89.20185238574345,2016
897749,Adelaide Strikers,Hobart Hurricanes,1528.4719196289054,1474.7283281658822,53.74359146302322,2016
897751,Melbourne Stars,Brisbane Heat,1573.9205505997554,1431.9682897256569,141.95226087409856,2016
897753,Sydney Sixers,Sydney Thunder,1539.7306164756212,1373.3678424682853,166.36277400733593,2016
897757,Melbourne Renegades,Adelaide Strikers,1477.5447514625187,1536.9372755164527,-59.39252405393404,2016
897759,Adelaide Strikers,Sydney Thunder,1545.2442803148435,1387.8209079846292,157.4233723302143,2016
897761,Melbourne Stars,Perth Scorchers,1560.047960187103,1600.267701473375,-40.21974128627198,2016
897763,Melbourne Stars,Sydney Thunder,1571.2004339751525,1402.0653539901436,169.13507998500882,2016
1023581,Sydney Thunder,Sydney Sixers,1416.5821621784178,1525.2775509592773,-108.6953887808595,2016
1023583,Adelaide Strikers,Brisbane Heat,1530.9998343093291,1445.8408801383093,85.15895417101979,2016
1023585,Melbourne Renegades,Sydney Thunder,1469.2377466641278,1409.6124427538884,59.62530391023938,2016
1023587,Sydney Sixers,Hobart Hurricanes,1532.2472703838066,1466.262972278335,65.98429810547168,2016
1023589,Perth Scorchers,Adelaide Strikers,1589.1152276853254,1518.5966957995622,70.5185318857632,2016
1023591,Hobart Hurricanes,Melbourne Stars,1478.139643966652,1556.6836257868783,-78.54398182022624,2016
1023593,Sydney Sixers,Perth Scorchers,1520.3705986954894,1597.1129612677055,-76.74236257221605,2016
1023595,Sydney Thunder,Brisbane Heat,1401.3119451233001,1458.2440186480762,-56.932073524776115,2016
1023597,Melbourne Renegades,Perth Scorchers,1477.5382442947162,1584.9393731214668,-107.40112882675066,2016
1023599,Brisbane Heat,Hobart Hurricanes,1466.6198925305002,1470.3625809482812,-3.7426884177809825,2016
1023601,Adelaide Strikers,Sydney Sixers,1510.5989622171821,1532.544186841728,-21.945224624545972,2016
1023603,Melbourne Stars,Melbourne Renegades,1564.4606888052492,1470.534655681757,93.92603312349229,2017
1023605,Perth Scorchers,Sydney Thunder,1591.942961734426,1392.9360712408761,199.00689049354992,2017
1023607,Hobart Hurricanes,Adelaide Strikers,1460.254861882947,1521.229757900527,-60.97489601758002,2017
1023609,Brisbane Heat,Sydney Sixers,1476.7276115958346,1521.9133911583833,-45.18577956254876,2017
1023611,Sydney Thunder,Melbourne Stars,1388.1101088769028,1551.821269076538,-163.7111601996353,2017
1023613,Perth Scorchers,Brisbane Heat,1596.7689240983993,1468.0208794958135,128.74804460258588,2017
1023615,Adelaide Strikers,Hobart Hurricanes,1509.4925581692546,1471.9920616142192,37.5004965550354,2017
1023617,Melbourne Renegades,Melbourne Stars,1483.174075410468,1537.429596582056,-54.25552117158804,2017
1023619,Hobart Hurricanes,Sydney Thunder,1463.0672406338997,1402.5017813713848,60.56545926251488,2017
1023621,Sydney Sixers,Melbourne Renegades,1530.6201232584044,1474.723103763845,55.897019494559345,2017
1023623,Melbourne Stars,Adelaide Strikers,1545.880568228679,1518.4173791495741,27.46318907910495,2017
1023625,Brisbane Heat,Perth Scorchers,1481.5657521463902,1583.2240514478226,-101.65829930143241,2017
1023627,Melbourne Renegades,Hobart Hurricanes,1466.3182105058747,1451.3414721334832,14.976738372391537,2017
1023629,Sydney Sixers,Sydney Thunder,1539.0250165163748,1414.2275498718013,124.79746664457343,2017
1023631,Perth Scorchers,Melbourne Stars,1590.3788263081378,1555.0917563014054,35.28707000673239,2017
1023633,Adelaide Strikers,Melbourne Renegades,1509.2061910768475,1455.8874121238352,53.31877895301227,2017
1023635,Melbourne Stars,Brisbane Heat,1566.103921939571,1474.410977286075,91.69294465349594,2017
1023637,Sydney Thunder,Adelaide Strikers,1427.6726062468058,1497.6834883219544,-70.01088207514863,2017
1023639,Brisbane Heat,Melbourne Renegades,1486.9905004089776,1467.4101148787283,19.58038553024926,2017
1023641,Hobart Hurricanes,Perth Scorchers,1461.7722705155227,1579.3666606699724,-117.59439015444968,2017
1023643,Melbourne Stars,Sydney Sixers,1553.5243988166683,1525.5799601413703,27.944438675297988,2017
1023645,Perth Scorchers,Melbourne Stars,1586.1056076147054,1542.7218231124778,43.38378450222763,2017
1023649,Perth Scorchers,Sydney Sixers,1594.8633716007225,1536.3825358455608,58.480835755161706,2017
1114856,Sydney Thunder,Sydney Sixers,1419.6608430126541,1528.0500313926527,-108.38918837999859,2017
1114857,Brisbane Heat,Melbourne Stars,1476.4275275038726,1533.9640591264606,-57.53653162258797,2017
1114858,Hobart Hurricanes,Melbourne Renegades,1455.0333235707897,1477.9730877838333,-22.939764213043645,2017
1114859,Adelaide Strikers,Sydney Thunder,1505.695251556106,1432.6831175729967,73.01213398310938,2017
1114860,Sydney Sixers,Perth Scorchers,1515.0277568323102,1603.1958760536306,-88.16811922132047,2017
1114861,Melbourne Renegades,Brisbane Heat,1487.3137860755746,1488.0685876079513,-0.7548015323766322,2017
1114862,Perth Scorchers,Melbourne Stars,1610.7113001840762,1522.322999022382,88.38830116169424,2017
1114863,Brisbane Heat,Sydney Thunder,1478.046862707672,1424.7541782099456,53.29268449772644,2017
1114864,Sydney Sixers,Adelaide Strikers,1507.5123327018646,1513.6241909191572,-6.111858217292593,2017
1114865,Melbourne Renegades,Perth Scorchers,1497.3355109758538,1618.220779117534,-120.88526814168017,2017
1114866,Hobart Hurricanes,Sydney Thunder,1445.6926252790483,1416.27614731188,29.416477967168248,2017
1114867,Adelaide Strikers,Brisbane Heat,1523.448295642422,1486.5248936057376,36.923402036684365,2017
1114869,Perth Scorchers,Sydney Sixers,1624.8753430186061,1497.6882279785998,127.18711504000635,2018
1114868,Sydney Thunder,Hobart Hurricanes,1427.1208042430183,1434.8479683479102,-7.727164104891926,2018
1114870,Melbourne Stars,Brisbane Heat,1514.8135200889242,1477.5836516070578,37.22986848186633,2018
1114871,Melbourne Renegades,Sydney Sixers,1490.6809470747817,1491.1937566723277,-0.5128095975460383,2018
1114872,Hobart Hurricanes,Adelaide Strikers,1444.6255993501195,1532.3895376411017,-87.7639382909822,2018
1114873,Brisbane Heat,Perth Scorchers,1488.6511307264543,1631.3698143248782,-142.71868359842392,2018
1114874,Melbourne Stars,Melbourne Renegades,1503.7460409695277,1500.695706910749,3.050334058778617,2018
1114875,Sydney Thunder,Adelaide Strikers,1417.343173240809,1519.9158800498014,-102.5727068089925,2018
1114876,Hobart Hurricanes,Sydney Sixers,1457.0992569414198,1481.1789968363603,-24.07973989494053,2018
1114877,Perth Scorchers,Melbourne Renegades,1617.4784887697638,1510.7835003266866,106.69498844307714,2018
1114878,Adelaide Strikers,Melbourne Stars,1527.0464848859003,1493.6582475535902,33.388237332310155,2018
1114879,Brisbane Heat,Hobart Hurricanes,1502.5424562815688,1467.7912199816317,34.75123629993709,2018
1114880,Sydney Thunder,Perth Scorchers,1410.21256840471,1624.5005881660338,-214.28801976132377,2018
1114881,Melbourne Renegades,Melbourne Stars,1503.7614009304166,1484.6162909003808,19.145110030035767,2018
1114883,Sydney Sixers,Sydney Thunder,1470.4870337961484,1425.7013230261512,44.785710769997195,2018
1114882,Adelaide Strikers,Perth Scorchers,1536.0884415391097,1609.0118335445927,-72.92339200548304,2018
1114884,Hobart Hurricanes,Brisbane Heat,1478.788118715557,1491.5455575476435,-12.757438832086564,2018
1114885,Melbourne Stars,Sydney Sixers,1495.1667744019608,1479.2050898913772,15.96168451058361,2018
1114886,Adelaide Strikers,Hobart Hurricanes,1528.1570574044267,1489.1551423867961,39.00191501763061,2018
1114887,Sydney Sixers,Brisbane Heat,1489.664181158802,1481.1785338764043,8.485647282397622,2018
1114889,Perth Scorchers,Hobart Hurricanes,1616.9432176792757,1480.2730160390195,136.6702016402562,2018
1114888,Melbourne Stars,Sydney Thunder,1484.707683134536,1416.9832669309224,67.7244162036136,2018
1114890,Melbourne Renegades,Adelaide Strikers,1493.2109174288366,1537.0391837522034,-43.828266323366734,2018
1114891,Sydney Sixers,Melbourne Stars,1499.4199931490957,1472.7827365284288,26.637256620666903,2018
1114892,Sydney Thunder,Melbourne Renegades,1428.9082135370295,1484.4657472311726,-55.5575336941431,2018
1114893,Perth Scorchers,Adelaide Strikers,1623.2006125698604,1545.7843539498674,77.41625861999296,2018
1114895,Brisbane Heat,Melbourne Renegades,1471.4227218861106,1492.8801645426229,-21.457442656512285,2018
1114894,Melbourne Stars,Hobart Hurricanes,1463.5479197390002,1474.0156211484348,-10.46770140943454,2018
1114896,Perth Scorchers,Hobart Hurricanes,1631.00855232189,1463.7144276112133,167.29412471067667,2018
1114897,Adelaide Strikers,Melbourne Renegades,1537.9764141978378,1502.2633537186055,35.713060479232354,2018
1114898,Adelaide Strikers,Hobart Hurricanes,1546.952114691504,1478.188958222103,68.76315646940088,2018
1152511,Brisbane Heat,Adelaide Strikers,1462.039532710128,1554.9983952041543,-92.95886249402633,2018
1152512,Melbourne Renegades,Perth Scorchers,1493.2876532249393,1616.5340217110002,-123.24636848606087,2018
1152513,Sydney Thunder,Melbourne Stars,1420.4937962255792,1473.8491132762217,-53.3553170506425,2018
1152514,Sydney Sixers,Perth Scorchers,1508.6548099385243,1603.1283713175278,-94.47356137900351,2018
1152515,Brisbane Heat,Hobart Hurricanes,1454.6530353581093,1470.1426777094528,-15.489642351343491,2018
1152516,Adelaide Strikers,Melbourne Renegades,1562.384892556173,1506.6933036184116,55.69158893776148,2018
1152517,Hobart Hurricanes,Melbourne Stars,1479.6971451094007,1462.3253832706243,17.371761838776365,2018
1152518,Sydney Thunder,Sydney Sixers,1432.0175262311766,1521.3088848237428,-89.29135859256621,2018
1152519,Perth Scorchers,Adelaide Strikers,1590.4742964323093,1550.7955486813203,39.67874775098903,2018
1152520,Sydney Sixers,Melbourne Stars,1508.793999711249,1452.8249665195683,55.96903319168064,2018
1152521,Hobart Hurricanes,Sydney Thunder,1489.1975618604567,1444.5324113436704,44.6651505167863,2018
1152522,Melbourne Renegades,Sydney Sixers,1518.2826474932644,1497.196873052806,21.085774440458408,2018
1152523,Hobart Hurricanes,Perth Scorchers,1497.919031085058,1599.3371896211213,-101.4181585360634,2018
1152524,Adelaide Strikers,Sydney Thunder,1541.9326554925083,1435.8109421190693,106.12171337343898,2018
1152526,Melbourne Stars,Melbourne Renegades,1464.4220931780112,1507.6764941404408,-43.2544009624296,2019
1152525,Brisbane Heat,Sydney Sixers,1445.0985679581613,1507.8030264056297,-62.70445844746837,2019
1152527,Sydney Thunder,Perth Scorchers,1428.7737983798067,1586.4983180047984,-157.72451962499167,2019
1152528,Melbourne Renegades,Adelaide Strikers,1496.437924787271,1548.9697992317708,-52.53187444449986,2019
1152529,Hobart Hurricanes,Sydney Sixers,1510.7579027013808,1516.017590295442,-5.2596875940612335,2019
1152531,Perth Scorchers,Brisbane Heat,1572.2467684154697,1436.884004068349,135.36276434712067,2019
1152530,Melbourne Stars,Sydney Thunder,1475.660662531181,1443.0253479691355,32.63531456204555,2019
1152532,Adelaide Strikers,Sydney Sixers,1557.469227860493,1505.8662158810187,51.60301197947433,2019
1152533,Melbourne Renegades,Hobart Hurricanes,1487.9384961585488,1520.9092771158041,-32.97078095725533,2019
1152534,Sydney Thunder,Brisbane Heat,1433.9619149367074,1450.594203640087,-16.632288703379572,2019
1152535,Melbourne Stars,Perth Scorchers,1484.7240955636091,1558.5365688437316,-73.8124732801225,2019
1152536,Brisbane Heat,Melbourne Renegades,1460.1158532437935,1498.884633062794,-38.76877981900043,2019
1152537,Adelaide Strikers,Melbourne Stars,1545.9947997341649,1476.8171931999145,69.17760653425034,2019
1152540,Perth Scorchers,Sydney Sixers,1566.4434712074262,1517.3406440073468,49.102827200079446,2019
1152538,Sydney Thunder,Adelaide Strikers,1424.440265333001,1554.0296094197106,-129.58934408670962,2019
1152539,Melbourne Renegades,Brisbane Heat,1507.7733862239998,1451.2271000825876,56.54628614141211,2019
1152541,Melbourne Stars,Hobart Hurricanes,1468.7823835143688,1509.963140211559,-41.18075669719019,2019
1152542,Sydney Sixers,Melbourne Renegades,1508.744601867525,1496.160073009607,12.58452885791803,2019
1152544,Perth Scorchers,Hobart Hurricanes,1575.039513347248,1518.7833823258936,56.25613102135435,2019
1152545,Melbourne Renegades,Melbourne Stars,1506.5221265453592,1459.9621414000342,46.55998514532507,2019
1152546,Sydney Sixers,Brisbane Heat,1498.3825483317728,1462.8404132969804,35.54213503479241,2019
1152547,Adelaide Strikers,Hobart Hurricanes,1540.4635832518609,1530.3885604772936,10.075022774567287,2019
1152548,Sydney Thunder,Melbourne Renegades,1438.0062915008507,1495.1899874529133,-57.183695952062635,2019
1152549,Melbourne Stars,Adelaide Strikers,1471.29428049248,1530.1736820407978,-58.879401548317674,2019
1152550,Sydney Sixers,Hobart Hurricanes,1507.3631170838833,1540.6784616883567,-33.31534460447347,2019
1152551,Perth Scorchers,Sydney Thunder,1563.434335195848,1429.6374680278186,133.7968671680294,2019
1152552,Melbourne Stars,Brisbane Heat,1482.9729265735207,1453.85984454487,29.11308202865075,2019
1152553,Perth Scorchers,Melbourne Renegades,1549.7630664369983,1503.5588109259454,46.20425551105291,2019
1152555,Sydney Sixers,Adelaide Strikers,1518.3190816241913,1518.4950359597572,-0.17595433556584794,2019
1152554,Hobart Hurricanes,Brisbane Heat,1529.7224971480487,1444.6958307027617,85.02666644528699,2019
1152556,Melbourne Renegades,Sydney Thunder,1514.8808916238909,1443.3087367866683,71.57215483722257,2019
1152557,Hobart Hurricanes,Adelaide Strikers,1537.3229466245543,1508.4899715873137,28.832975037240658,2019
1152558,Brisbane Heat,Perth Scorchers,1437.095381226256,1538.4409857390528,-101.34560451279685,2019
1152559,Sydney Sixers,Sydney Thunder,1528.3241459966348,1435.3400953775308,92.98405061910398,2019
1152561,Perth Scorchers,Melbourne Stars,1525.6040342112826,1492.136940415629,33.46709379565368,2019
1152560,Adelaide Strikers,Brisbane Heat,1519.3179514240612,1449.9323327540262,69.385618670035,2019
1152562,Hobart Hurricanes,Melbourne Renegades,1526.4949667878068,1522.8495330330284,3.6454337547784235,2019
1152563,Brisbane Heat,Melbourne Stars,1461.9032782421461,1483.0972325528319,-21.19395431068574,2019
1152565,Sydney Thunder,Hobart Hurricanes,1427.9542734667352,1536.3900466202506,-108.43577315351536,2019
1152564,Adelaide Strikers,Perth Scorchers,1507.3470059359413,1534.6437420740797,-27.296736138138385,2019
1152566,Melbourne Stars,Sydney Sixers,1472.4879770319947,1535.7099679074304,-63.22199087543572,2019
1152567,Hobart Hurricanes,Melbourne Stars,1523.366553763922,1484.2878302328688,39.07872353105313,2019
1152568,Melbourne Renegades,Sydney Sixers,1512.9544532005846,1523.9101147065562,-10.955661505971648,2019
1152569,Melbourne Stars,Melbourne Renegades,1495.4078869316734,1523.2696780146546,-27.8617910829812,2019
1195573,Brisbane Heat,Sydney Thunder,1472.5125337629834,1440.9777663230639,31.534767439919506,2019
1195574,Sydney Sixers,Perth Scorchers,1513.5948898924862,1523.8596914169864,-10.264801524500172,2019
1195575,Melbourne Renegades,Sydney Thunder,1532.4694658220283,1451.882925636548,80.58654018548032,2019
1195577,Brisbane Heat,Melbourne Stars,1461.6073744494993,1486.2080991242997,-24.600724674800404,2019
1195576,Hobart Hurricanes,Sydney Sixers,1512.2464970651174,1523.8902486974505,-11.643751632333078,2019
1195579,Perth Scorchers,Melbourne Renegades,1513.564332612022,1520.1907179204047,-6.626385308382623,2019
1195581,Sydney Sixers,Brisbane Heat,1513.5552399979028,1452.314259278884,61.24098071901881,2019
1195580,Melbourne Stars,Hobart Hurricanes,1495.501214294915,1522.581505764665,-27.080291469750136,2019
1195582,Adelaide Strikers,Perth Scorchers,1518.1310565930346,1523.7550321905585,-5.623975597523895,2019
1195583,Hobart Hurricanes,Melbourne Renegades,1511.8036468908872,1510.0000183418683,1.8036285490188675,2019
1195584,Perth Scorchers,Sydney Sixers,1513.593175297339,1501.8106138468224,11.782561450516596,2019
1195585,Melbourne Stars,Adelaide Strikers,1506.2790731686928,1528.292913486254,-22.01384031756129,2019
1195587,Melbourne Renegades,Adelaide Strikers,1500.0519304781676,1537.6601507673045,-37.60822028913685,2019
1195588,Hobart Hurricanes,Melbourne Stars,1521.751734754588,1496.9118358876424,24.839898866945532,2019
1195589,Adelaide Strikers,Sydney Thunder,1546.5819071541114,1464.1616735381715,82.42023361593988,2019
1195590,Brisbane Heat,Perth Scorchers,1464.0588854299644,1503.2541758676132,-39.19529043764874,2020
1195591,Sydney Thunder,Melbourne Stars,1476.4903982135197,1507.6255699709377,-31.135171757417993,2020
1195592,Melbourne Renegades,Sydney Sixers,1491.1301740913607,1512.1496132765483,-21.019439185187593,2020
1195593,Hobart Hurricanes,Brisbane Heat,1511.0380006712926,1455.1822549792205,55.855745692072105,2020
1195594,Melbourne Stars,Melbourne Renegades,1516.7318188967558,1481.7344251551883,34.99739374156752,2020
1195595,Sydney Sixers,Adelaide Strikers,1521.5453622127206,1534.2531824787632,-12.707820266042518,2020
1195596,Perth Scorchers,Hobart Hurricanes,1512.1308063183571,1499.4440516807942,12.686754637562899,2020
1195597,Sydney Thunder,Brisbane Heat,1467.3841492877016,1466.7762039697188,0.6079453179827397,2020
1195598,Melbourne Renegades,Perth Scorchers,1472.7383379621906,1501.7658143763783,-29.02747641418773,2020
1195600,Melbourne Stars,Sydney Thunder,1525.7279060897536,1457.3666512327284,68.36125485702519,2020
1195599,Adelaide Strikers,Sydney Sixers,1523.8875850283296,1531.9109596631542,-8.023374634824677,2020
1195601,Brisbane Heat,Hobart Hurricanes,1476.793702024692,1509.809043622773,-33.01534159808102,2020
1195602,Melbourne Renegades,Melbourne Stars,1463.571877361808,1533.7853152309638,-70.21343786915577,2020
1195603,Sydney Thunder,Hobart Hurricanes,1449.3092420915182,1498.8616356567597,-49.55239356524157,2020
1195604,Perth Scorchers,Brisbane Heat,1510.932274976761,1487.7411099907054,23.191164986055583,2020
1195606,Melbourne Stars,Sydney Sixers,1541.7914795561937,1541.6800694203425,0.11141013585120163,2020
1195605,Adelaide Strikers,Melbourne Renegades,1514.1184752711413,1455.565713036578,58.55276223456326,2020
1195607,Hobart Hurricanes,Perth Scorchers,1487.444995598818,1520.2657691704387,-32.82077357162075,2020
1195608,Brisbane Heat,Adelaide Strikers,1478.4076157970276,1522.4489671461226,-44.041351349095066,2020
1195609,Sydney Thunder,Melbourne Renegades,1460.72588214946,1447.2352211615967,13.490660987863293,2020
1195610,Perth Scorchers,Melbourne Stars,1529.3239113506372,1551.7882729148284,-22.464361564191222,2020
1195612,Adelaide Strikers,Brisbane Heat,1511.188101300374,1489.6684816427762,21.519619657597786,2020
1195614,Sydney Thunder,Sydney Sixers,1450.3377847399274,1531.6832760617078,-81.3454913217804,2020
1195613,Melbourne Stars,Perth Scorchers,1561.1425961374641,1519.9695881280015,41.17300800946259,2020
1195616,Brisbane Heat,Melbourne Renegades,1480.2870752364179,1457.6233185711292,22.6637566652887,2020
1195615,Hobart Hurricanes,Adelaide Strikers,1478.3868534186195,1520.5695077067323,-42.18265428811287,2020
1195617,Sydney Sixers,Melbourne Stars,1519.3838284380538,1569.96305817341,-50.57922973535619,2020
1195618,Perth Scorchers,Sydney Thunder,1511.1491260920557,1462.6372323635815,48.511893728474206,2020
1195619,Melbourne Renegades,Hobart Hurricanes,1468.274710262415,1469.5950371249085,-1.3203268624934026,2020
1195620,Adelaide Strikers,Melbourne Stars,1529.3613240004433,1558.5174687242206,-29.156144723777288,2020
1195621,Brisbane Heat,Sydney Sixers,1469.635683545132,1530.8294178872432,-61.193734342111156,2020
1195623,Perth Scorchers,Adelaide Strikers,1519.7618453778675,1540.1985409274366,-20.436695549569095,2020
1195622,Hobart Hurricanes,Sydney Thunder,1479.5570352459506,1454.0245130777696,25.532522168181004,2020
1195625,Melbourne Stars,Brisbane Heat,1547.6802517972274,1461.3789911952376,86.30126060198972,2020
1195624,Sydney Sixers,Melbourne Renegades,1539.0861102371375,1458.312712141373,80.7733980957646,2020
1195627,Adelaide Strikers,Hobart Hurricanes,1549.6110030114971,1488.8234702631416,60.78753274835549,2020
1195626,Sydney Thunder,Perth Scorchers,1444.7580780605786,1510.349383293807,-65.59130523322847,2020
1195628,Melbourne Renegades,Brisbane Heat,1450.5965583471468,1473.8130846158213,-23.216526268674443,2020
1195629,Hobart Hurricanes,Sydney Thunder,1500.5554395022832,1456.6238345627396,43.931604939543604,2020
1195630,Melbourne Stars,Sydney Sixers,1535.2461583766437,1546.8022640313636,-11.556105654719886,2020
1195631,Adelaide Strikers,Sydney Thunder,1537.8790337723556,1467.8815917465472,69.99744202580837,2020
1195632,Melbourne Stars,Sydney Thunder,1525.578647232126,1479.8694569657687,45.70919026635738,2020
1195633,Sydney Sixers,Melbourne Stars,1556.4697751758813,1534.2705692257066,22.1992059501747,2020
1226852,Hobart Hurricanes,Sydney Sixers,1489.2976823184756,1565.831698746787,-76.53401642831136,2020
1226872,Brisbane Heat,Melbourne Stars,1463.1458520993299,1524.908645654801,-61.762793555471035,2020
1226841,Perth Scorchers,Melbourne Renegades,1498.483626791646,1461.2637908636382,37.2198359280078,2020
1226828,Melbourne Stars,Sydney Thunder,1533.1494614842823,1471.1775349721881,61.971926512094115,2020
1226837,Sydney Sixers,Melbourne Renegades,1553.663824716259,1472.330984512498,81.33284020376095,2020
1226850,Hobart Hurricanes,Adelaide Strikers,1501.4655563490037,1525.891168553134,-24.425612204130402,2020
1226866,Brisbane Heat,Sydney Thunder,1454.9050362698486,1462.9425515727958,-8.037515302947213,2020
1226863,Hobart Hurricanes,Adelaide Strikers,1512.1674260429693,1515.1892988591685,-3.0218728161992203,2020
1226830,Melbourne Renegades,Hobart Hurricanes,1464.6300872579613,1502.2544003410483,-37.62431308308692,2020
1226873,Sydney Sixers,Adelaide Strikers,1561.3647219707955,1525.1023245610895,36.262397409705954,2020
1226831,Perth Scorchers,Sydney Thunder,1487.4164331427862,1472.7112545461948,14.705178596591395,2020
1226881,Adelaide Strikers,Brisbane Heat,1516.142266819503,1445.1363332964495,71.0059335230535,2020
1226846,Melbourne Stars,Sydney Sixers,1541.3844448836746,1570.324779712382,-28.940334828707364,2020
1226874,Sydney Thunder,Melbourne Renegades,1483.1342510541947,1455.708788671646,27.42546238254863,2020
1226868,Hobart Hurricanes,Brisbane Heat,1511.1756989273636,1437.1520620562453,74.02363687111824,2020
1226845,Adelaide Strikers,Perth Scorchers,1524.1265380597072,1476.9934366347863,47.133101424920824,2020
1226854,Sydney Thunder,Melbourne Stars,1492.3465182412795,1532.2154935210547,-39.86897527977521,2020
1226877,Melbourne Renegades,Sydney Sixers,1446.4965214845613,1579.493731075002,-132.99720959044066,2020
1226875,Hobart Hurricanes,Brisbane Heat,1499.0767905251787,1449.2509704584302,49.82582006674852,2020
1226870,Adelaide Strikers,Perth Scorchers,1532.7781996593817,1468.3417750351118,64.43642462426988,2020
1226856,Melbourne Renegades,Sydney Thunder,1440.147859587556,1503.489029109041,-63.34116952148497,2021
1226844,Hobart Hurricanes,Melbourne Stars,1507.6524394187143,1521.0729826532931,-13.420543234578872,2021
1226832,Sydney Sixers,Brisbane Heat,1585.8423929720072,1440.6753215648946,145.16707140711264,2021
1226842,Adelaide Strikers,Sydney Sixers,1520.9445459795807,1571.8914325703056,-50.946886590724944,2021
1226853,Perth Scorchers,Melbourne Renegades,1480.1754287149129,1431.9510316990084,48.224397015904515,2021
1226879,Melbourne Stars,Hobart Hurricanes,1510.6869003709537,1518.0385217010537,-7.351621330099988,2021
1226851,Sydney Thunder,Brisbane Heat,1511.6858569975886,1454.6262819665963,57.05957503099239,2021
1226833,Adelaide Strikers,Melbourne Renegades,1512.4004947197286,1423.330195915633,89.0702988040955,2021
1226829,Perth Scorchers,Sydney Sixers,1488.796264498288,1580.4354838301576,-91.63921933186953,2021
1226871,Sydney Thunder,Hobart Hurricanes,1500.0581581059234,1507.826956603848,-7.768798497924536,2021
1226835,Brisbane Heat,Melbourne Stars,1466.2539808582615,1520.8984654681594,-54.64448460989797,2021
1226826,Adelaide Strikers,Melbourne Renegades,1519.8915707596905,1415.8391198756713,104.05245088401921,2021
1226878,Perth Scorchers,Sydney Thunder,1501.374344117031,1510.281724842124,-8.907380725093162,2021
1226855,Brisbane Heat,Sydney Sixers,1477.8139339510153,1567.8574042114149,-90.04347026039954,2021
1226876,Melbourne Stars,Adelaide Strikers,1509.3385123754056,1506.9831397339526,2.355372641452959,2021
1226857,Hobart Hurricanes,Perth Scorchers,1497.6033898676474,1511.6306629875446,-14.027273119897245,2021
1226861,Sydney Thunder,Sydney Sixers,1500.0254059716103,1575.322251779249,-75.29684580763865,2021
1226843,Melbourne Renegades,Brisbane Heat,1428.747550901409,1470.3490863831812,-41.60153548177209,2021
1226839,Melbourne Stars,Adelaide Strikers,1499.2707203397958,1517.0509317695623,-17.780211429766496,2021
1226865,Perth Scorchers,Sydney Sixers,1521.2271448390202,1583.1883389633915,-61.96119412437133,2021
1226864,Melbourne Renegades,Melbourne Stars,1419.9392494979156,1509.7820296775515,-89.84278017963584,2021
1226840,Sydney Thunder,Hobart Hurricanes,1492.1593187874678,1488.0069080161718,4.15241077129599,2021
1226838,Perth Scorchers,Brisbane Heat,1512.9918621582492,1479.1573877866747,33.834474371574515,2021
1226869,Melbourne Stars,Melbourne Renegades,1517.2522831169917,1412.4689960584753,104.78328705851641,2021
1226859,Adelaide Strikers,Brisbane Heat,1506.5396224318067,1470.1281554093587,36.41146702244805,2021
1226834,Perth Scorchers,Hobart Hurricanes,1522.0210945355652,1498.1264183151884,23.894676220376823,2021
1226880,Sydney Thunder,Sydney Sixers,1482.0398084884512,1591.4236216441625,-109.38381315571132,2021
1226849,Perth Scorchers,Melbourne Stars,1531.3344327467162,1504.3246080947229,27.009824651993313,2021
1226848,Brisbane Heat,Melbourne Renegades,1461.1723416448651,1425.3966710807442,35.7756705641209,2021
1226827,Hobart Hurricanes,Sydney Sixers,1488.8130801040375,1578.3753569256342,-89.5622768215967,2021
1226847,Adelaide Strikers,Sydney Thunder,1515.4954361963003,1495.0880732069795,20.407362989320745,2021
1226836,Adelaide Strikers,Sydney Thunder,1524.9087396290931,1485.6747697741866,39.23396985490649,2021
1226862,Brisbane Heat,Perth Scorchers,1470.1462590154192,1540.558589830862,-70.41233081544283,2021
1226858,Melbourne Stars,Sydney Sixers,1495.100451010577,1565.8531687673824,-70.7527177568054,2021
1226860,Melbourne Renegades,Hobart Hurricanes,1416.4227537101901,1501.3352682622892,-84.91251455209908,2021
1226883,Adelaide Strikers,Brisbane Heat,1513.784270859647,1482.14559108679,31.638679772856904,2021
1226884,Perth Scorchers,Sydney Sixers,1528.5592577594912,1573.8444330405084,-45.285175281017246,2021
1226885,Sydney Thunder,Brisbane Heat,1496.7992385436328,1493.053716652913,3.7455218907198287,2021
1226886,Perth Scorchers,Brisbane Heat,1519.8553385453413,1503.161517262684,16.69382128265738,2021
1226882,Sydney Sixers,Perth Scorchers,1582.5483522546583,1529.3752211665392,53.173131088119135,2021
1269638,Sydney Sixers,Melbourne Stars,1591.0297446448437,1487.109186737451,103.92055790739278,2021
1269639,Brisbane Heat,Sydney Thunder,1493.641634641486,1486.6914379338618,6.950196707624173,2021
1269640,Melbourne Renegades,Adelaide Strikers,1428.8192076111911,1502.8761452935241,-74.056937682333,2021
1269641,Sydney Sixers,Hobart Hurricanes,1598.124789069493,1488.9388143612882,109.18597470820487,2021
1269642,Perth Scorchers,Brisbane Heat,1520.8938287763538,1483.441618579328,37.452210197025806,2021
1269643,Adelaide Strikers,Melbourne Renegades,1490.7763206601696,1440.9190322445456,49.857288415624,2021
1269644,Melbourne Stars,Sydney Thunder,1480.0141423128016,1496.89145399602,-16.877311683218295,2021
1269646,Perth Scorchers,Adelaide Strikers,1529.8200235041477,1499.351082208539,30.4689412956086,2021
1269645,Hobart Hurricanes,Sydney Sixers,1481.9819130402916,1605.0816903904897,-123.09977735019811,2021
1269647,Sydney Thunder,Melbourne Stars,1486.4060676470635,1490.499528661758,-4.093461014694412,2021
1269648,Melbourne Renegades,Brisbane Heat,1432.3442706961762,1474.515423851534,-42.17115315535784,2021
1269649,Perth Scorchers,Hobart Hurricanes,1538.9452981480508,1495.3838330316169,43.561465116433965,2021
1269650,Melbourne Stars,Sydney Sixers,1500.3817148342137,1591.6797703991645,-91.2980555649508,2021
1269651,Sydney Thunder,Brisbane Heat,1476.5238814746078,1483.3075663437005,-6.783684869092667,2021
1269652,Perth Scorchers,Hobart Hurricanes,1547.6980273128129,1486.6311038668548,61.06692344595808,2021
1269653,Adelaide Strikers,Sydney Sixers,1490.225807564636,1599.1108599298623,-108.88505236522633,2021
1269654,Perth Scorchers,Melbourne Renegades,1555.958258873504,1423.5521282040097,132.40613066949436,2021
1269655,Brisbane Heat,Adelaide Strikers,1473.1123410057182,1483.2610450022323,-10.148703996514087,2021
1269656,Hobart Hurricanes,Melbourne Stars,1478.3708723061636,1492.9506253035158,-14.579752997352216,2021
1269658,Melbourne Renegades,Perth Scorchers,1417.188712705849,1562.3216743716648,-145.13296166581586,2021
1269657,Sydney Sixers,Sydney Thunder,1606.075622492266,1486.71910681259,119.3565156796758,2021
1269660,Melbourne Stars,Brisbane Heat,1482.5312324300269,1483.4043611374564,-0.8731287074294869,2021
1269659,Adelaide Strikers,Hobart Hurricanes,1472.9690248704942,1488.7902651796526,-15.821240309158384,2021
1269661,Sydney Thunder,Perth Scorchers,1480.0254090955707,1568.3715425061962,-88.3461334106255,2021
1269662,Brisbane Heat,Sydney Sixers,1473.3792305260356,1612.7693202092853,-139.3900896832497,2021
1269663,Hobart Hurricanes,Melbourne Renegades,1498.3352077761613,1411.1388445713176,87.19636320484369,2021
1269665,Sydney Thunder,Adelaide Strikers,1492.5147917234774,1463.4240822739855,29.090709449491897,2021
1269666,Brisbane Heat,Hobart Hurricanes,1467.1889568708452,1505.8768928908762,-38.687936020030975,2022
1269669,Sydney Thunder,Adelaide Strikers,1501.6794450033337,1454.2594289941292,47.42001600920457,2022
1269668,Perth Scorchers,Melbourne Stars,1555.8821598782895,1492.5563630414476,63.325796836841846,2022
1269670,Melbourne Stars,Melbourne Renegades,1484.3591070743757,1403.5971594566026,80.7619476177731,2022
1269675,Perth Scorchers,Sydney Sixers,1564.0794158453614,1618.9595938644757,-54.88017801911428,2022
1269672,Hobart Hurricanes,Adelaide Strikers,1494.767944249217,1445.6158744224908,49.15206982672612,2022
1269673,Perth Scorchers,Sydney Thunder,1575.6459869577177,1510.322999574972,65.32298738274562,2022
1269674,Brisbane Heat,Melbourne Renegades,1478.2979055125045,1415.8806932790594,62.41721223344507,2022
1269677,Sydney Thunder,Melbourne Renegades,1522.1813010305125,1427.6581241521765,94.52317687833602,2022
1269678,Brisbane Heat,Hobart Hurricanes,1466.5204746393874,1483.3625970366654,-16.84212239727799,2022
1269679,Sydney Sixers,Perth Scorchers,1607.3930227521194,1563.7876855021773,43.60533724994207,2022
1269680,Adelaide Strikers,Melbourne Stars,1457.0212216350424,1472.075573251919,-15.054351616876602,2022
1269681,Hobart Hurricanes,Sydney Thunder,1492.8782211355142,1529.525898740132,-36.64767760461791,2022
1269664,Perth Scorchers,Melbourne Stars,1575.0361994150637,1481.64254514844,93.3936542666238,2022
1269682,Sydney Sixers,Melbourne Renegades,1596.144508839233,1420.3135264425568,175.83098239667606,2022
1269683,Adelaide Strikers,Brisbane Heat,1447.4542497385214,1457.0048505405387,-9.550600802017243,2022
1269685,Melbourne Renegades,Melbourne Stars,1414.9823970656475,1474.267703514214,-59.285306448566416,2022
1269684,Hobart Hurricanes,Sydney Thunder,1483.9291314519244,1538.474988423722,-54.54585697179755,2022
1269686,Perth Scorchers,Adelaide Strikers,1582.4110410492897,1457.7290689088466,124.68197214044312,2022
1269676,Adelaide Strikers,Melbourne Stars,1471.1711952790547,1482.5777059887678,-11.406510709713075,2022
1269687,Sydney Sixers,Sydney Thunder,1601.4756382161422,1526.9178051059448,74.55783311019741,2022
1269688,Brisbane Heat,Melbourne Stars,1446.7300313702135,1472.249518123333,-25.51948675311951,2022
1269689,Sydney Sixers,Adelaide Strikers,1609.362036514152,1481.4993831444895,127.86265336966244,2022
1269690,Brisbane Heat,Perth Scorchers,1437.4632231815508,1568.9689146790815,-131.50569149753073,2022
1269691,Hobart Hurricanes,Melbourne Renegades,1495.4863147697015,1406.6723945910937,88.81392017860776,2022
1269692,Sydney Sixers,Brisbane Heat,1595.839465268387,1431.0772972163272,164.76216805205968,2022
1269693,Melbourne Stars,Hobart Hurricanes,1481.5163263119957,1502.984306762254,-21.46798045025821,2022
1269694,Sydney Thunder,Melbourne Renegades,1519.0314068079351,1399.1744025985413,119.85700420939384,2022
1269671,Adelaide Strikers,Hobart Hurricanes,1495.0219543902545,1492.3671937906468,2.654760599607698,2022
1269695,Perth Scorchers,Sydney Sixers,1575.354840644305,1601.4234091418414,-26.068568497536262,2022
1269696,Adelaide Strikers,Sydney Thunder,1504.9455457250149,1525.7122801497776,-20.766734424762717,2022
1269697,Adelaide Strikers,Sydney Sixers,1515.5425496006214,1590.6745002785244,-75.13195067790298,2022
1269698,Perth Scorchers,Sydney Sixers,1586.103749507622,1598.545117868521,-12.441368360898878,2022
1324624,Melbourne Stars,Sydney Thunder,1492.133439283603,1515.115276274171,-22.981836990568127,2022
1324625,Adelaide Strikers,Sydney Sixers,1507.671932010625,1588.1871794830038,-80.51524747237886,2022
1324626,Melbourne Renegades,Brisbane Heat,1392.4935292566988,1425.4933533428728,-32.99982408617393,2022
1324627,Melbourne Stars,Hobart Hurricanes,1482.7939466703585,1482.4436024558863,0.35034421447221575,2022
1324628,Adelaide Strikers,Sydney Thunder,1519.9487344045172,1524.4547688874154,-4.506034482898258,2022
1324629,Perth Scorchers,Sydney Sixers,1596.4616878931392,1575.9103770891115,20.551310804027707,2022
1324630,Sydney Thunder,Melbourne Renegades,1514.3250820608232,1403.4404945998135,110.88458746100969,2022
1324631,Hobart Hurricanes,Perth Scorchers,1472.4536861695394,1605.870862536635,-133.41717636709564,2022
1324632,Sydney Thunder,Adelaide Strikers,1501.2376870667445,1530.0784212311094,-28.840734164364903,2022
1324633,Brisbane Heat,Melbourne Renegades,1414.5463879997583,1416.5278895938923,-1.981501594133988,2022
1324634,Sydney Sixers,Hobart Hurricanes,1566.5012024456157,1486.1154957077308,80.3857067378849,2022
1324635,Perth Scorchers,Melbourne Stars,1592.2090529984437,1492.7838629567054,99.42519004173823,2022
1324636,Brisbane Heat,Adelaide Strikers,1404.6034195818145,1539.2502196001515,-134.646800018337,2022
1324637,Hobart Hurricanes,Melbourne Renegades,1478.3887625977443,1426.470858011836,51.91790458590822,2022
1324638,Melbourne Stars,Sydney Sixers,1485.5699098195607,1574.2279355556022,-88.65802573604151,2022
1324639,Adelaide Strikers,Perth Scorchers,1525.5578040217652,1599.4230061355884,-73.86520211382322,2022
1324640,Brisbane Heat,Sydney Thunder,1418.2958351602008,1492.0658886977023,-73.77005353750155,2022
1324641,Sydney Sixers,Melbourne Renegades,1581.7301341345205,1417.954151257467,163.7759828770536,2022
1324642,Sydney Thunder,Brisbane Heat,1499.973958539551,1410.3877653183522,89.58619322119876,2022
1324643,Melbourne Stars,Perth Scorchers,1478.0677112406424,1607.3284573770254,-129.26074613638298,2022
1324644,Melbourne Renegades,Sydney Sixers,1412.3473295326005,1587.336955859387,-174.9896263267865,2022
1324646,Melbourne Stars,Adelaide Strikers,1471.6254795229074,1517.652352780328,-46.026873257420675,2022
1324645,Sydney Thunder,Hobart Hurricanes,1507.4511258133298,1486.9054693521134,20.545656461216367,2022
1324647,Melbourne Renegades,Perth Scorchers,1406.9972413102935,1613.7706890947604,-206.77344778446695,2023
1324648,Brisbane Heat,Sydney Sixers,1402.9105980445734,1592.687044081694,-189.77644603712065,2023
1324649,Adelaide Strikers,Hobart Hurricanes,1506.3352886538148,1477.496132531495,28.839156122319764,2023
1324650,Melbourne Renegades,Melbourne Stars,1402.3330771161827,1482.9425436494207,-80.60946653323799,2023
1324652,Perth Scorchers,Sydney Thunder,1618.4348532888712,1516.8604626339481,101.57439065492304,2023
1324653,Hobart Hurricanes,Adelaide Strikers,1488.3242890542767,1495.5071321310331,-7.182843076756399,2023
1324654,Melbourne Stars,Sydney Sixers,1470.6631701490626,1577.7102219530616,-107.04705180399901,2023
1324655,Hobart Hurricanes,Melbourne Renegades,1478.530998447687,1414.6124506165409,63.91854783114604,2023
1324656,Brisbane Heat,Perth Scorchers,1417.8874201732058,1605.591847878132,-187.70442770492627,2023
1324657,Sydney Thunder,Sydney Sixers,1529.7034680446873,1584.7230895412297,-55.01962149654241,2023
1324658,Melbourne Stars,Hobart Hurricanes,1463.6503025608945,1466.7117532156344,-3.0614506547399287,2023
1324659,Adelaide Strikers,Melbourne Renegades,1505.300422737623,1426.4316958485933,78.86872688902963,2023
1324660,Brisbane Heat,Perth Scorchers,1412.8192432580756,1610.6600247932622,-197.84078153518658,2023
1324661,Adelaide Strikers,Melbourne Stars,1513.068602562858,1453.7384159134324,59.330186649425514,2023
1324662,Sydney Thunder,Perth Scorchers,1521.273953919344,1615.5106080121805,-94.23665409283649,2023
1324663,Brisbane Heat,Adelaide Strikers,1407.9686600391574,1501.37735020253,-93.40869016337251,2023
1324664,Melbourne Renegades,Melbourne Stars,1418.6635160233584,1465.4296682737604,-46.766152250402,2023
1324665,Sydney Thunder,Hobart Hurricanes,1513.921689238198,1476.6236398630965,37.29804937510153,2023
1324666,Sydney Sixers,Perth Scorchers,1593.152603666573,1622.8628726933264,-29.710269026753394,2023
1324667,Melbourne Stars,Brisbane Heat,1454.0917009802681,1420.5942213442388,33.49747963602931,2023
1324668,Sydney Sixers,Adelaide Strikers,1604.005655653689,1488.7517888974485,115.25386675624054,2023
1324669,Hobart Hurricanes,Perth Scorchers,1487.6930589838623,1612.0098207062103,-124.31676172234802,2023
1324670,Melbourne Renegades,Sydney Thunder,1430.0014833168507,1502.8522701174322,-72.85078680058155,2023
1324672,Brisbane Heat,Hobart Hurricanes,1431.5553799839631,1481.1259158418147,-49.57053585785161,2023
1324671,Adelaide Strikers,Perth Scorchers,1481.9525086255837,1618.576963848258,-136.62445522267421,2023
1324673,Sydney Sixers,Sydney Thunder,1610.8049359255538,1510.7856546605344,100.01928126501934,2023
1324674,Brisbane Heat,Melbourne Stars,1442.972531735864,1443.1305423405438,-0.15801060467970274,2023
1324675,Perth Scorchers,Melbourne Renegades,1624.8354910526982,1422.0680987737485,202.76739227894973,2023
1324676,Sydney Sixers,Hobart Hurricanes,1618.003124527258,1469.7087640899138,148.29436043734427,2023
1324677,Adelaide Strikers,Melbourne Renegades,1475.6939814211435,1417.3209524091615,58.373029011982,2023
1324678,Hobart Hurricanes,Brisbane Heat,1463.7354131548648,1452.9770796463365,10.758333508528267,2023
1324679,Melbourne Stars,Sydney Thunder,1433.1259944300714,1503.5874660588302,-70.46147162875877,2023
1324680,Brisbane Heat,Sydney Thunder,1443.2866304467027,1511.5867761772324,-68.30014573052972,2023
1324681,Sydney Sixers,Perth Scorchers,1623.976475462307,1629.5826374172852,-5.6061619549782336,2023
1324682,Melbourne Renegades,Brisbane Heat,1428.9854311509437,1455.2275287590937,-26.24209760815006,2023
1324683,Sydney Sixers,Brisbane Heat,1614.1378197715744,1464.4736535254297,149.66416624614476,2023
1324684,Brisbane Heat,Perth Scorchers,1478.533283718086,1639.4212931080178,-160.88800938993177,2023
1386094,Brisbane Heat,Melbourne Stars,1472.8591378023775,1425.1266843116691,47.732453490708394,2023
1386095,Sydney Sixers,Melbourne Renegades,1600.078189578918,1419.7393063846077,180.33888319431026,2023
1386098,Hobart Hurricanes,Sydney Sixers,1473.4258623544986,1605.3084706015618,-131.88260824706322,2023
1386099,Brisbane Heat,Sydney Thunder,1481.4938662395969,1499.6458778648414,-18.15201162524454,2023
1386100,Melbourne Stars,Perth Scorchers,1416.4919558744498,1645.0954390237264,-228.6034831492766,2023
1386101,Sydney Thunder,Adelaide Strikers,1489.1238958223923,1464.0295026793613,25.094393143031084,2023
1386102,Hobart Hurricanes,Perth Scorchers,1467.0493642403487,1649.3253055331927,-182.27594129284398,2023
1386103,Melbourne Renegades,Brisbane Heat,1414.509025361964,1492.015848282046,-77.50682292008196,2023
1386104,Sydney Sixers,Adelaide Strikers,1611.6849687157116,1474.7505240000407,136.9344447156709,2023
1386106,Melbourne Renegades,Hobart Hurricanes,1406.703566865316,1461.8620376265835,-55.15847076126761,2023
1386105,Melbourne Stars,Sydney Thunder,1412.2620893649835,1478.4028745017129,-66.14078513672939,2023
1386108,Perth Scorchers,Melbourne Renegades,1654.512632146958,1398.2779503299098,256.2346818170481,2023
1386107,Sydney Sixers,Melbourne Stars,1617.935825254837,1404.1431061162566,213.79271913858042,2023
1386109,Brisbane Heat,Sydney Thunder,1499.821306778694,1486.5218577504397,13.29944902825423,2023
1386110,Hobart Hurricanes,Melbourne Stars,1470.2876541619896,1419.6218918389036,50.66576232308603,2023
1386111,Adelaide Strikers,Melbourne Renegades,1468.4996674609154,1394.5542901257966,73.94537733511879,2023
1386113,Adelaide Strikers,Melbourne Stars,1456.402912419424,1431.0699197613742,25.33299265804976,2023
1386114,Sydney Thunder,Hobart Hurricanes,1476.9044598099379,1458.839626239519,18.06483357041884,2024
1386116,Melbourne Renegades,Melbourne Stars,1406.651045167288,1441.7977724868867,-35.14672731959877,2024
1386118,Perth Scorchers,Adelaide Strikers,1658.2362923510711,1445.6750596939114,212.56123265715974,2024
1386117,Sydney Sixers,Brisbane Heat,1602.45703953219,1509.4387047191958,93.01833481299423,2024
1386119,Melbourne Renegades,Hobart Hurricanes,1397.6592126376486,1469.3591058997877,-71.69989326213908,2024
1386120,Perth Scorchers,Adelaide Strikers,1662.7823602515234,1441.1289917934591,221.65336845806428,2024
1386121,Melbourne Stars,Sydney Sixers,1450.7896050165261,1589.841942123999,-139.0523371074728,2024
1386122,Brisbane Heat,Hobart Hurricanes,1522.053802127387,1477.3242226770888,44.72957945029816,2024
1386123,Sydney Thunder,Perth Scorchers,1466.3849801496692,1647.1472048097487,-180.76222466007948,2024
1386124,Hobart Hurricanes,Adelaide Strikers,1468.604577509986,1456.7641472352338,11.84043027475218,2024
1386125,Brisbane Heat,Perth Scorchers,1530.7734472944896,1652.368078614073,-121.59463131958341,2024
1386126,Hobart Hurricanes,Adelaide Strikers,1458.2639144051352,1467.1048103400847,-8.840895934949458,2024
1386127,Sydney Sixers,Sydney Thunder,1596.0405292050586,1461.1641063453449,134.87642285971378,2024
1386128,Perth Scorchers,Brisbane Heat,1639.0045228749427,1544.13700303362,94.86751984132275,2024
1386129,Melbourne Stars,Melbourne Renegades,1444.5910179354664,1389.6940958603475,54.89692207511894,2024
1386130,Sydney Thunder,Adelaide Strikers,1454.862228529867,1476.8504038077972,-21.988175277930168,2024
1386131,Hobart Hurricanes,Melbourne Stars,1448.5183209374227,1433.0239767213147,15.494344216107947,2024
1386132,Perth Scorchers,Sydney Sixers,1646.3399108638864,1602.3424070205365,43.99750384334993,2024
1386134,Sydney Sixers,Brisbane Heat,1613.6020308774416,1536.8016150446763,76.80041583276534,2024
1386135,Adelaide Strikers,Perth Scorchers,1486.2183768338382,1635.0802870069813,-148.8619101731431,2024
1386136,Brisbane Heat,Adelaide Strikers,1528.9767950984735,1500.2587036793468,28.718091419126722,2024
1386137,Brisbane Heat,Sydney Sixers,1538.1520992993198,1621.4268508236444,-83.27475152432453,2024
1443057,Melbourne Stars,Perth Scorchers,1423.4696443832015,1621.0399601614727,-197.57031577827115,2024
1443058,Melbourne Renegades,Sydney Sixers,1401.2611370744992,1609.0748782847195,-207.81374121022031,2024
1443059,Adelaide Strikers,Sydney Thunder,1491.0833994785005,1445.494255503826,45.58914397467447,2024
1443060,Melbourne Stars,Brisbane Heat,1418.613338452115,1550.5040718382447,-131.8907333861298,2024
1443061,Hobart Hurricanes,Melbourne Renegades,1458.072653275536,1396.618355860888,61.454297414647954,2024
1443062,Adelaide Strikers,Melbourne Stars,1479.778717714471,1412.2370434912345,67.54167422323644,2024
1443063,Perth Scorchers,Hobart Hurricanes,1625.8962660925592,1446.3220748915019,179.57419120105737,2024
1443064,Sydney Thunder,Sydney Sixers,1456.7989372678555,1613.7176594983307,-156.91872223047517,2024
1443065,Adelaide Strikers,Brisbane Heat,1487.8588364624309,1556.880366799125,-69.02153033669424,2024
1443066,Perth Scorchers,Melbourne Renegades,1611.1435673269589,1408.368934244922,202.77463308203687,2024
1443067,Melbourne Stars,Sydney Sixers,1404.1569247432747,1619.4851291028908,-215.32820435961617,2024
1443068,Perth Scorchers,Brisbane Heat,1595.890562790792,1564.9194956108845,30.97106717990755,2024
1443069,Hobart Hurricanes,Adelaide Strikers,1461.0747736571022,1479.8197076506715,-18.744933993569248,2024
1443070,Sydney Thunder,Melbourne Stars,1451.0314676632954,1399.6665643751214,51.36490328817399,2024
1443071,Brisbane Heat,Sydney Sixers,1555.8085609075529,1623.975489471044,-68.16692856349118,2024
1443072,Sydney Thunder,Melbourne Renegades,1459.5637445455518,1423.6219387810888,35.94180576446297,2024
1443073,Adelaide Strikers,Perth Scorchers,1469.28070796113,1605.0014974941237,-135.72078953299365,2024
1443075,Brisbane Heat,Melbourne Stars,1547.7457690885426,1391.134287492865,156.61148159567756,2025
1443074,Hobart Hurricanes,Sydney Sixers,1471.6137733466437,1632.0382812900543,-160.42450794341062,2025
1443076,Melbourne Renegades,Adelaide Strikers,1414.6527525889867,1462.9997904121053,-48.347037823118626,2025
1443078,Perth Scorchers,Sydney Thunder,1611.2824150431484,1468.532930737654,142.74948430549443,2025
1443079,Melbourne Renegades,Melbourne Stars,1406.0353793813294,1405.3595562559467,0.6758231253827489,2025
1443080,Adelaide Strikers,Hobart Hurricanes,1471.6171636197626,1485.9287769681116,-14.311613348349056,2025
1443081,Sydney Thunder,Brisbane Heat,1482.4250085425585,1533.520500325461,-51.0954917829024,2025
1443082,Perth Scorchers,Melbourne Renegades,1597.3903372382438,1396.0159276526877,201.37440958555612,2025
1443084,Melbourne Stars,Sydney Sixers,1415.3790079845885,1617.7232776685864,-202.34426968399794,2025
1443085,Sydney Thunder,Hobart Hurricanes,1473.885143555464,1495.5170884472898,-21.631944891825697,2025
1443086,Sydney Sixers,Perth Scorchers,1602.47924778619,1582.1665752573706,20.31267252881935,2025
1443087,Adelaide Strikers,Brisbane Heat,1462.0288521405844,1542.0603653125554,-80.03151317197103,2025
1443088,Melbourne Stars,Melbourne Renegades,1430.623037866985,1411.2396896335608,19.383348233424158,2025
1443089,Sydney Thunder,Perth Scorchers,1464.5069576934516,1572.750555751894,-108.24359805844233,2025
1443090,Melbourne Renegades,Hobart Hurricanes,1401.797009143676,1504.8952743093023,-103.09826516562634,2025
1443091,Adelaide Strikers,Sydney Sixers,1474.2924491086742,1611.8952672916666,-137.60281818299245,2025
1443092,Brisbane Heat,Hobart Hurricanes,1529.7967683444656,1512.0120038461332,17.78476449833238,2025
1443094,Brisbane Heat,Melbourne Renegades,1519.285328301558,1394.680279606845,124.60504869471288,2025
1443095,Adelaide Strikers,Perth Scorchers,1468.0581139536137,1559.7320893403648,-91.67397538675118,2025
1443096,Melbourne Stars,Hobart Hurricanes,1440.0657183568699,1522.523443889041,-82.45772553217103,2025
1443097,Hobart Hurricanes,Sydney Sixers,1510.1936986546182,1618.1296024467272,-107.935903792109,2025
1443098,Sydney Thunder,Melbourne Stars,1477.5254241049806,1452.3954635912926,25.129960513688047,2025
1443099,Sydney Sixers,Sydney Thunder,1605.1191874418391,1486.8033844025886,118.31580303925057,2025
1443100,Sydney Thunder,Hobart Hurricanes,1500.082980673607,1523.2041136595062,-23.121132985899294,2025
